INSERT INTO Customer VALUES ('CU001', 'Agus', 'Jakarta Street', 'Male', '02111222332');
INSERT INTO Customer VALUES ('CU002', 'Altec', 'Surabaya Street', 'Male', '0212121312');
INSERT INTO Customer VALUES ('CU003', 'Tecela', 'Tangerang Street', 'Male', '01212314331');
INSERT INTO Customer VALUES ('CU004', 'Rahman', 'PAP Street', 'Male', '0123121312');
INSERT INTO Customer VALUES ('CU005', 'Bella', 'Lippo Street', 'Female', '03193971332');
INSERT INTO Customer VALUES ('CU006', 'Michelle', 'Perum Street', 'Female', '07828321232');
INSERT INTO Customer VALUES ('CU007', 'Meli', 'Soekarno Street', 'Female', '02686752122');
INSERT INTO Customer VALUES ('CU008', 'Guruh', 'Bandung Raya Street', 'Male', '08788267124');
INSERT INTO Customer VALUES ('CU009', 'Ipung', 'TCL Street', 'Male', '08776909276');
INSERT INTO Customer VALUES ('CU010', 'Lala', 'Jakarta Street', 'Female', '08765223123');
INSERT INTO Customer VALUES ('CU011', 'Lola', '#Tng Street', 'Female', '08286973213');

INSERT INTO ProductBrand VALUES ('BR001', 'Razor');
INSERT INTO ProductBrand VALUES ('BR002', 'Intle');
INSERT INTO ProductBrand VALUES ('BR003', 'Snsv');
INSERT INTO ProductBrand VALUES ('BR004', 'Nvedeo');

INSERT INTO ProductType VALUES ('PT001', 'Mouse');
INSERT INTO ProductType VALUES ('PT002', 'Keyboard');
INSERT INTO ProductType VALUES ('PT003', 'Headset');
INSERT INTO ProductType VALUES ('PT004', 'Flashdisk');

INSERT INTO Product VALUES ('PR001', 'PT001', 'BR001', 'Mouse-Razor', '75000', '50000', '7');
INSERT INTO Product VALUES ('PR002', 'PT002', 'BR001', 'Keyboard-Razor', '45000', '30000', '27');
INSERT INTO Product VALUES ('PR003', 'PT002', 'BR002', 'Keyboard-Intle', '150000', '120000', '10');
INSERT INTO Product VALUES ('PR004', 'PT003', 'BR003', 'Headset-Snsv', '170000', '120000', '2');
INSERT INTO Product VALUES ('PR005', 'PT003', 'BR001', 'Headset-Razor', '450000', '400000', '4');
INSERT INTO Product VALUES ('PR006', 'PT002', 'BR004', 'Keyboard-Nvedeo', '70000', '50000', '7');
INSERT INTO Product VALUES ('PR007', 'PT001', 'BR002', 'Mouse-Intle', '200000', '170000', '3');
INSERT INTO Product VALUES ('PR008', 'PT004', 'BR001', 'Flashdisk-Razor', '45000', '40000', '23');
INSERT INTO Product VALUES ('PR009', 'PT004', 'BR002', 'Flashdisk-Instle', '90000', '80000', '7');
INSERT INTO Product VALUES ('PR010', 'PT004', 'BR004', 'Flashdisk-Nvedeo', '120000', '100000', '4');

INSERT INTO Staff VALUES ('ST001', 'Bambang', 'Bandung Raya Street', '02111222121', '700000', 'Male');
INSERT INTO Staff VALUES ('ST002', 'Susilo', 'Jakarta Street', '012121313', '1000000', 'Male');
INSERT INTO Staff VALUES ('ST003', 'Yushoyono', 'Papua Street', '02442214214', '300000', 'Male');
INSERT INTO Staff VALUES ('ST004', 'Susi', 'Jakarta Street', '09752889212', '1500000', 'Female');
INSERT INTO Staff VALUES ('ST005', 'Susanti', 'Palembang Street', '0239952177', '500000', 'Female');
INSERT INTO Staff VALUES ('ST006', 'Sasa', 'Sushi Street', '0889222332', '700000', 'Female');
INSERT INTO Staff VALUES ('ST007', 'Bimo', 'Bandung Raya Street', '02878993312', '900000', 'Male');
INSERT INTO Staff VALUES ('ST008', 'Baim', 'Suimjal Street', '027812713', '750000', 'Male');
INSERT INTO Staff VALUES ('ST009', 'Anis', 'Tangerang Street', '0289183913', '500000', 'Female');
INSERT INTO Staff VALUES ('ST010', 'Yuni', 'Kenangan Street', '0218312823', '650000', 'Female');
INSERT INTO Staff VALUES ('ST011', 'Yana', '#Kelabu Street', '0289183213', '500000', 'Male');

INSERT INTO SalesTransaction VALUES ('SA001', 'ST001', 'CU002', 'PR001', '2018-02-23', '3'); --YYYY-MM-DD
INSERT INTO SalesTransaction VALUES ('SA002', 'ST001', 'CU001', 'PR001', '2018-02-24', '2');
INSERT INTO SalesTransaction VALUES ('SA003', 'ST002', 'CU001', 'PR002', '2018-02-25', '2');
INSERT INTO SalesTransaction VALUES ('SA004', 'ST001', 'CU003', 'PR003', '2018-02-26', '4');
INSERT INTO SalesTransaction VALUES ('SA005', 'ST004', 'CU004', 'PR002', '2018-02-27', '5');
INSERT INTO SalesTransaction VALUES ('SA006', 'ST003', 'CU002', 'PR003', '2018-02-28', '3');
INSERT INTO SalesTransaction VALUES ('SA007', 'ST001', 'CU001', 'PR001', '2018-02-28', '2');
INSERT INTO SalesTransaction VALUES ('SA008', 'ST002', 'CU002', 'PR002', '2018-03-01', '1');
INSERT INTO SalesTransaction VALUES ('SA009', 'ST004', 'CU003', 'PR005', '2018-03-03', '5');
INSERT INTO SalesTransaction VALUES ('SA010', 'ST002', 'CU001', 'PR007', '2018-03-04', '5');
INSERT INTO SalesTransaction VALUES ('SA011', 'ST007', 'CU002', 'PR004', '2018-03-05', '8');
INSERT INTO SalesTransaction VALUES ('SA012', 'ST004', 'CU006', 'PR005', '2018-03-07', '5');
INSERT INTO SalesTransaction VALUES ('SA013', 'ST005', 'CU004', 'PR003', '2018-03-10', '9');
INSERT INTO SalesTransaction VALUES ('SA014', 'ST001', 'CU003', 'PR007', '2018-03-11', '2');
INSERT INTO SalesTransaction VALUES ('SA015', 'ST003', 'CU004', 'PR001', '2018-03-12', '1');
INSERT INTO SalesTransaction VALUES ('SA016', 'ST005', 'CU004', 'PR004', '2018-03-13', '10');
INSERT INTO SalesTransaction VALUES ('SA017', 'ST008', 'CU008', 'PR008', '2018-03-14', '2');
INSERT INTO SalesTransaction VALUES ('SA018', 'ST008', 'CU009', 'PR002', '2018-03-16', '3');
INSERT INTO SalesTransaction VALUES ('SA019', 'ST007', 'CU007', 'PR006', '2018-03-17', '7');
INSERT INTO SalesTransaction VALUES ('SA020', 'ST006', 'CU006', 'PR005', '2018-03-18', '6');
INSERT INTO SalesTransaction VALUES ('SA021', 'ST006', 'CU004', 'PR008', '2018-03-19', '5');
INSERT INTO SalesTransaction VALUES ('SA022', 'ST009', 'CU002', 'PR002', '2018-03-23', '2');
INSERT INTO SalesTransaction VALUES ('SA023', 'ST010', 'CU005', 'PR009', '2018-03-24', '3');
INSERT INTO SalesTransaction VALUES ('SA024', 'ST009', 'CU008', 'PR010', '2018-03-26', '5');
INSERT INTO SalesTransaction VALUES ('SA025', 'ST010', 'CU009', 'PR009', '2018-03-28', '7');
INSERT INTO SalesTransaction VALUES ('SA026', 'ST009', 'CU008', 'PR010', '2018-03-29', '4');

INSERT INTO PurchaseTransaction VALUES ('PU001', 'ST001', 'PR003', '2018-02-23', '3');
INSERT INTO PurchaseTransaction VALUES ('PU002', 'ST002', 'PR001', '2018-02-24', '4');
INSERT INTO PurchaseTransaction VALUES ('PU003', 'ST001', 'PR002', '2018-02-25', '3');
INSERT INTO PurchaseTransaction VALUES ('PU004', 'ST002', 'PR003', '2018-02-26', '2');
INSERT INTO PurchaseTransaction VALUES ('PU005', 'ST004', 'PR004', '2018-02-27', '5');
INSERT INTO PurchaseTransaction VALUES ('PU006', 'ST002', 'PR002', '2018-02-28', '6');
INSERT INTO PurchaseTransaction VALUES ('PU007', 'ST003', 'PR003', '2018-02-28', '7');
INSERT INTO PurchaseTransaction VALUES ('PU008', 'ST005', 'PR001', '2018-03-01', '3');
INSERT INTO PurchaseTransaction VALUES ('PU009', 'ST002', 'PR004', '2018-03-03', '5');
INSERT INTO PurchaseTransaction VALUES ('PU010', 'ST006', 'PR005', '2018-03-04', '8');
INSERT INTO PurchaseTransaction VALUES ('PU011', 'ST004', 'PR003', '2018-03-05', '3');
INSERT INTO PurchaseTransaction VALUES ('PU012', 'ST005', 'PR003', '2018-03-07', '3');
INSERT INTO PurchaseTransaction VALUES ('PU013', 'ST004', 'PR005', '2018-03-10', '4');
INSERT INTO PurchaseTransaction VALUES ('PU014', 'ST006', 'PR004', '2018-03-11', '2');
INSERT INTO PurchaseTransaction VALUES ('PU015', 'ST007', 'PR008', '2018-03-12', '1');
INSERT INTO PurchaseTransaction VALUES ('PU016', 'ST004', 'PR007', '2018-03-13', '3');
INSERT INTO PurchaseTransaction VALUES ('PU017', 'ST005', 'PR005', '2018-03-14', '5');
INSERT INTO PurchaseTransaction VALUES ('PU018', 'ST003', 'PR005', '2018-03-16', '6');
INSERT INTO PurchaseTransaction VALUES ('PU019', 'ST002', 'PR008', '2018-03-17', '3');
INSERT INTO PurchaseTransaction VALUES ('PU020', 'ST006', 'PR004', '2018-03-18', '7');
INSERT INTO PurchaseTransaction VALUES ('PU021', 'ST001', 'PR007', '2018-03-19', '4');
INSERT INTO PurchaseTransaction VALUES ('PU022', 'ST002', 'PR008', '2018-03-23', '2');
INSERT INTO PurchaseTransaction VALUES ('PU023', 'ST001', 'PR009', '2018-03-24', '1');
INSERT INTO PurchaseTransaction VALUES ('PU024', 'ST010', 'PR010', '2018-03-26', '5');
INSERT INTO PurchaseTransaction VALUES ('PU025', 'ST009', 'PR010', '2018-03-28', '5');
INSERT INTO PurchaseTransaction VALUES ('PU026', 'ST011', 'PR009', '2018-03-30', '5');

